id,geosamples_id,photoname,caption
1,8,SP3_CSV_001_O,
2,8,SP3_CSV_002_O,
3,1,SP6_CSV_001_O,
4,2,SP7_CSV_001_O,
5,2,SP7_CSV_002_O,
6,2,SP7_CSV_003_O,
7,2,SP7_CSV_004_O,
8,2,SP7_CSV_005_O,
9,2,SP7_CSV_006_O,
10,2,SP7_CSV_007_O,
11,3,SP8_PdA_001_O,
12,4,SP9_PdA_001_O,
13,4,SP9_PdA_002_O,
14,4,SP9_PdA_003_O,
15,5,SP10_PdA_001_O,
16,5,SP10_PdA_002_O,
17,5,SP10_PdA_003_O,
18,9,SP11_PtA_001_O,
19,9,SP11_PtA_002_O,
20,10,SP13_PBX_001_O,
21,10,SP13_PBX_002_O,
22,10,SP13_PBX_003_O,
23,11,SP14_PBX_001_O,
24,11,SP14_PBX_002_O,
25,12,SP15_PBX_001_O,
26,12,SP15_PBX_002_O,
27,12,SP15_PBX_003_O,
28,12,SP15_PBX_004_O,
29,12,SP15_PBX_005_O,
30,12,SP15_PBX_006_O,
31,13,SP16_PBX_001_O,
32,13,SP16_PBX_002_O,
33,13,SP16_PBX_003_O,
34,14,SP17_PBX_001_O,
35,14,SP17_PBX_002_O,
36,14,SP17_PBX_003_O,
37,14,SP17_PBX_004_O,
38,14,SP17_PBX_005_O,
39,15,SP18_PBX_001_O,
40,15,SP18_PBX_002_O,
41,15,SP18_PBX_003_O,
42,15,SP18_PBX_004_O,
43,15,SP18_PBX_005_O,
44,16,SP19_PBX_001_O,
45,16,SP19_PBX_002_O,
46,16,SP19_PBX_003_O,
47,16,SP19_PBX_004_O,
48,16,SP19_PBX_005_O,
49,16,SP19_PBX_006_O,
50,16,SP19_PBX_007_O,
51,16,SP19_PBX_008_O,
52,17,SP20_BLS_001_O,
53,18,SP21_BLS_001_O,
54,18,SP21_BLS_002_O,
55,18,SP21_BLS_003_O,
56,18,SP21_BLS_004_O,
57,18,SP21_BLS_005_O,
58,58,SP22_BLS_001_O,
59,58,SP22_BLS_002_O,
60,58,SP22_BLS_003_O,
61,19,SP23_BLN_001_O,
63,19,SP23_BLN_003_O,
64,19,SP23_BLN_004_O,
65,20,SP24_CSV_001_O,
66,20,SP24_CSV_002_O,
67,20,SP24_CSV_003_O,
68,21,SP27_CSV_002_O,
69,21,SP27_CSV_003_O,
70,21,SP27_CSV_004_O,
71,21,SP27_CSV_005_O,
72,22,SP28_ASP_001_O,
73,22,SP28_ASP_002_O,
74,22,SP28_ASP_003_O,
75,22,SP28_ASP_004_O,
76,22,SP28_ASP_005_O,
77,22,SP28_ASP_006_O,
78,22,SP28_ASP_007_O,
79,22,SP28_ASP_008_O,
80,23,SP29_ASP_001_O,
81,23,SP29_ASP_002_O,
82,24,SP30_FZF_001_O,
83,24,SP30_FZF_002_O,
84,24,SP30_FZF_003_O,
85,25,SP31_FZF_001_O,
86,26,SP32_FZF_001_O,
87,26,SP32_FZF_002_O,
88,26,SP32_FZF_003_O,
89,26,SP32_FZF_004_O,
90,26,SP32_FZF_005_O,
91,26,SP32_FZF_006_O,
92,27,SP33_FZF_001_O,
93,27,SP33_FZF_002_O,
94,29,SP34_PdA_001_O,
95,29,SP34_PdA_002_O,
96,29,SP34_PdA_003_O,
97,29,SP34_PdA_004_O,
98,29,SP34_PdA_005_O,
99,28,SP34_PdA_001_O,
100,28,SP34_PdA_002_O,
101,28,SP34_PdA_003_O,
102,28,SP34_PdA_004_O,
103,28,SP34_PdA_005_O,
104,31,SP36_PtA_001_O,
105,32,SP37_PtA_001_O,
106,32,SP37_PtA_002_O,
107,33,SP39_AND_001_O,
108,33,SP39_AND_002_O,
109,34,SP40_FER_001_O,
110,34,SP40_FER_002_O,
111,34,SP40_FER_003_O,
112,36,SP41_FER_001_O,
113,36,SP41_FER_002_O,
114,6,SP47_CdC_001_O,
115,6,SP47_CdC_002_O,
116,6,SP47_CdC_003_O,
117,6,SP47_CdC_004_O,
118,6,SP47_CdC_005_O,
119,37,SP48_CdC_001_O,
120,37,SP48_CdC_002_O,
121,38,SP48_CdC_001_O,
122,38,SP48_CdC_002_O,
123,39,SP50_CdC_001_O,
124,39,SP50_CdC_002_O,
125,39,SP50_CdC_003_O,
126,39,SP50_CdC_004_O,
127,39,SP50_CdC_005_O,
128,40,SP52_CdC_001_O,
129,40,SP52_CdC_002_O,
130,41,SP53_GUI_001_O,
131,41,SP53_GUI_002_O,
132,41,SP53_GUI_003_O,
133,42,SP54_GUI_001_O,
134,42,SP54_GUI_002_O,
135,43,SP55_CAL_001_O,
136,43,SP55_CAL_002_O,
137,43,SP55_CAL_003_O,
138,44,SP56_JOR_001_O,
139,44,SP56_JOR_002_O,
140,44,SP56_JOR_003_O,
141,44,SP56_JOR_004_O,
142,45,SP57_JOR_001_O,
143,45,SP57_JOR_002_O,
144,45,SP57_JOR_003_O,
145,46,SP58_JOR_001_O,
146,46,SP58_JOR_002_O,
147,46,SP58_JOR_003_O,
148,47,SP59_JOR_001_O,
149,47,SP59_JOR_002_O,
150,47,SP59_JOR_003_O,
151,48,SP61_PER_001_O,
152,48,SP61_PER_002_O,
153,49,SP62_OLV_001_O,
154,49,SP62_OLV_002_O,
155,49,SP62_OLV_003_O,
156,49,SP62_OLV_004_O,
157,50,SP62_OLV_001_O,
158,50,SP62_OLV_002_O,
159,50,SP62_OLV_003_O,
160,50,SP62_OLV_004_O,
161,51,SP63_OLV_001_O,
162,51,SP63_OLV_002_O,
163,51,SP63_OLV_003_O,
164,51,SP63_OLV_004_O,
165,51,SP63_OLV_005_O,
166,52,SP64_OLV_001_O,
167,52,SP64_OLV_002_O,
168,53,SP65_MALH_001_O,
169,53,SP65_MALH_002_O,
170,53,SP65_MALH_003_O,
171,53,SP65_MALH_004_O,
172,54,SP65_MALH_001_O,
173,54,SP65_MALH_002_O,
174,54,SP65_MALH_003_O,
175,54,SP65_MALH_004_O,
176,55,SP67_DESCAM_001_O,
177,55,SP67_DESCAM_002_O,
178,55,SP67_DESCAM_003_O,
179,55,SP67_DESCAM_004_O,
180,55,SP67_DESCAM_005_O,
181,55,SP67_DESCAM_006_O,
182,56,SP68_PEDR_001_O,
183,56,SP68_PEDR_002_O,
184,56,SP68_PEDR_003_O,
185,56,SP68_PEDR_004_O,
186,56,SP68_PEDR_005_O,
